Geb„ude,Raum,Farbton,Produkt
"3800	Zentralklinikum ( ZK )",014.455,"537155
Wulff Mnster
NCS INDEX 1950
MOVE S0
S 0510-Y30R NCS
SEIDENGLANZ 480 SLF PLUS
BASIS A
1,000 Liter
ABWEICHUNGEN IN 1 LITER M™GLICH! Autgrund der sehr
Farbton vor Verarbeitung prfen! Keine Rcknahme!
AA
ZERO
24.01.17
PG 1","ZERO
Farben fr Profis
Seidenglanz 480 SLF"
"1014	Parkhaus - Zahnklinik",987,ral9016,"LUNGENOPERATION
Rauchen
verursacht 9 von 10
Lungenkarzinomen
Wollen Sie aufh”ren? Die BZgA hilft:
Tel.: 08008313131 (kostenfrei), www.rauchfrei-info.de
DRUM
BRIGHT BLUE"
"1014	Parkhaus - Zahnklinik",SEA SHEPB,"MOVE 3000""
www.euromovers.de","DIE
PA
ARTESISCHE QUELLE
INSE
Calcium >620 mg/l
LASsIy
MIT KOHLENSURE
Natrliches Mineralwasse/"
"3800	Zentralklinikum ( ZK )",001.156,ral 5007,sikkens bl satura
"1014	Parkhaus - Zahnklinik",001.204,Ral 9010,Sensocryl
"1980	Geb„ude Schmeddingstraáe 60",EG 105,NCS 1005,Sensocryl
"1014	Parkhaus - Zahnklinik",jfjfjdk,kxkxkxn,nfkdnf
"1014	Parkhaus - Zahnklinik",356,r57,hjkp
Zentrum Nord,A123,RAL 9010,Latexfarbe
yyyyyy,yyyyyyy,yyyyyy,yyyyyy
